user_id,cluster
23557,2
94883,0
101486,0
101961,0
106907,2
118043,0
120851,0
125845,0
133058,2
149058,0
152583,0
153982,0
160754,0
164522,0
171470,2
174997,0
175032,0
181157,0
182191,2
187212,0
189676,1
190866,0
195192,2
204943,0
204997,0
205044,0
206011,0
216796,2
217114,2
217136,0
220725,0
224996,0
226367,0
228195,2
228872,0
229108,2
229330,0
249521,0
252835,0
258451,2
264470,0
276512,0
281952,0
283325,0
290123,0
297546,0
298253,2
299476,0
306165,2
306819,0
312488,0
313724,0
316527,0
317688,0
322867,0
324191,0
328590,0
330764,1
330893,0
331039,2
334787,0
337227,2
338086,0
340166,1
343928,0
347778,0
348817,0
348863,2
349132,0
353271,2
353694,0
354050,0
354260,0
354311,0
354950,0
356046,0
357737,0
359072,0
359080,0
359653,0
361459,0
361759,0
363535,0
365825,0
371201,0
372970,0
373489,2
374331,2
374340,2
374341,1
375160,2
375729,0
375751,0
376159,0
377069,2
377411,0
378565,0
379543,0
380434,0
380436,0
380757,0
380874,0
380949,0
381259,0
381465,0
382181,0
382384,0
385689,0
386255,2
386914,0
387282,2
387783,0
388328,0
388767,0
388947,0
389434,0
389662,0
389759,0
390811,0
392453,0
395202,1
395981,0
396552,0
399137,0
399218,0
399799,0
400275,0
400582,0
400899,0
401245,0
402332,0
402978,0
403881,0
404879,0
405305,0
406210,0
407118,0
407250,0
407275,0
407434,2
407642,0
408551,0
409073,0
411179,0
411701,0
413128,0
413340,0
413418,0
413658,0
414128,0
415282,0
415381,0
415581,0
416319,0
416580,0
417679,0
418329,0
418488,0
418692,0
420648,0
420669,0
421247,0
421515,0
421666,0
421700,0
421870,0
422066,0
423042,0
424553,0
425632,0
425653,2
425953,0
425966,0
426478,0
427426,0
427506,0
428056,0
428552,0
428858,0
429345,1
429375,0
430722,0
431144,0
431337,0
431602,0
431746,2
431899,2
431912,2
432333,0
432637,0
432941,0
433080,0
433339,0
433905,2
434238,0
434623,0
435231,0
435596,0
435669,0
435837,1
435882,0
436320,0
436894,0
437069,0
437162,0
437251,0
437539,0
437549,0
438189,0
438406,0
438551,1
438596,0
438839,0
438937,0
438985,0
438995,2
439052,0
439120,0
439363,0
440212,0
440655,0
441200,0
441205,2
441448,2
441457,0
441982,0
442484,0
442718,0
442812,1
442819,0
442833,0
443305,0
443453,0
443598,0
443652,0
444387,0
444885,0
445351,0
445515,0
446124,0
446138,0
446473,0
446933,0
447053,0
447591,0
447737,0
447951,0
448025,0
448154,2
448295,0
448467,1
448564,0
449033,0
449326,0
449619,0
449804,0
450164,0
450193,0
450305,0
450615,0
451291,0
451674,2
452034,0
452532,2
452594,0
452612,0
453143,0
453168,0
454264,2
454430,1
454616,0
454661,0
454920,0
454934,0
454955,0
456226,0
456318,0
456663,0
456671,0
457468,0
457599,0
457967,2
458479,1
458688,0
458762,0
458814,0
458855,0
458919,0
459229,0
459486,0
459645,2
460072,0
460181,0
460553,0
460625,0
461559,0
461744,0
461791,0
462127,2
462456,0
462894,2
463652,0
463698,0
463783,0
463867,0
463910,0
464080,0
464160,0
464239,0
464542,0
464597,2
464614,0
464673,2
464782,0
464855,0
465138,0
465343,0
465531,0
465568,1
465731,0
466205,0
466723,0
467007,0
467339,0
467809,0
467892,0
468106,0
468370,0
468409,0
468666,0
468801,0
468808,0
468832,0
469418,2
469440,0
469464,1
469699,1
469767,0
469824,0
471077,0
471161,0
471186,0
471500,0
471565,0
471649,1
471687,0
471717,0
471935,0
471946,1
471973,2
472394,0
472614,0
472713,0
472785,0
472966,0
473332,0
473343,0
473402,0
473467,0
473568,0
473712,0
473847,2
474120,0
474239,2
474261,0
474278,2
474384,0
474464,0
474546,0
474951,0
474980,0
475060,0
475130,0
475467,0
475531,0
476081,0
476104,0
476124,0
476173,1
476270,0
476393,0
476436,0
476535,0
476665,0
476693,0
476714,0
476742,0
476916,2
476956,0
477285,0
477316,0
477597,0
477730,0
477805,1
478003,0
478146,0
478188,0
478228,1
478291,0
478533,0
478585,0
478760,1
478801,0
478834,2
479071,0
479101,0
479254,0
479524,2
479785,2
480186,2
480313,0
480331,0
480690,0
480796,0
480877,0
480895,0
480975,2
481050,0
481245,0
481292,0
481554,0
481622,0
481772,0
481781,2
482264,0
482335,1
482424,0
482548,0
482602,0
482621,1
482630,0
482744,0
482811,2
483224,0
483237,0
483345,0
483480,0
483483,0
483525,0
483603,0
483928,0
484249,0
484418,0
484987,0
485149,0
485260,0
485393,2
485505,0
485518,2
485536,2
485544,0
485591,0
485658,0
485780,0
485785,0
485891,0
485894,0
486046,1
486113,0
486191,1
486261,1
486268,2
486270,0
486366,0
486447,2
486454,0
486605,0
486671,0
486751,0
486823,2
487002,0
487036,0
487040,0
487101,0
487276,0
487453,0
487637,0
487680,0
487715,0
487858,0
487954,0
488009,0
488314,0
488410,0
488462,0
488480,0
488511,0
488529,0
488539,2
488672,0
488827,0
488865,0
488870,0
488918,0
488974,0
489096,0
489131,2
489575,0
489635,0
489661,1
489730,0
489785,0
489786,2
489802,0
489844,0
489852,1
489949,0
489953,0
489992,0
490040,0
490107,0
490133,0
490201,0
490348,0
490358,0
490517,2
490576,0
490608,0
490629,0
490671,0
491003,0
491124,0
491141,0
491175,0
491182,0
491241,0
491266,2
491559,0
491597,2
491617,0
491706,0
491772,0
491925,0
491930,0
492209,0
492211,0
492287,0
492371,0
492497,2
492614,2
492999,0
493177,0
493409,0
493476,0
493718,0
494294,0
494374,0
494382,0
494441,2
494463,0
494590,0
494680,0
494704,0
494985,0
495029,0
495042,0
495080,0
495272,0
495273,0
495386,0
495482,0
495592,2
495603,0
495727,0
496016,0
496074,2
496273,0
496286,0
496332,0
496382,0
496408,0
496566,0
496899,0
496972,0
497042,0
497077,0
497108,0
497225,0
497475,0
497615,0
497678,0
497680,0
497829,0
497915,0
498154,0
498199,0
498287,0
498357,0
498363,0
498500,0
498574,0
498607,0
498665,0
498857,0
498931,0
499028,0
499038,0
499252,0
499313,0
499366,0
499375,0
499379,0
499461,0
499475,0
499633,0
499634,0
499659,2
499669,0
499751,0
499760,2
499780,2
499810,0
499847,0
499969,1
499979,0
499990,0
500078,0
500196,0
500243,0
500257,0
500299,1
500493,0
500532,1
500646,0
500745,0
500773,0
500791,1
500828,0
500972,0
500974,0
501087,0
501125,0
501184,0
501322,0
501344,2
501436,0
501512,0
501708,2
501735,0
501764,0
501794,0
501817,0
501830,0
501897,1
501947,0
502063,0
502145,0
502210,0
502212,0
502353,0
502412,0
502435,0
502444,0
502609,0
502626,0
502799,0
502819,2
502826,0
502847,0
502850,2
502875,0
502995,2
503042,0
503049,2
503058,0
503126,1
503161,2
503277,0
503342,0
503418,0
503483,2
503621,0
503760,0
503918,2
503928,0
503945,0
503973,0
504081,0
504133,2
504240,0
504299,0
504320,0
504371,0
504435,0
504473,0
504579,2
504610,2
504665,0
504669,0
504786,0
504859,0
504892,2
504916,2
504936,0
504945,0
505062,0
505066,2
505172,0
505230,0
505285,0
505289,0
505358,0
505414,0
505498,0
505617,2
505667,0
505680,0
505713,0
505747,0
505771,0
505854,0
505916,0
505933,0
505941,0
506013,0
506130,0
506186,0
506234,0
506250,0
506427,0
506611,0
506652,2
506675,0
506704,0
506777,2
506807,0
506828,0
506837,0
506858,0
506990,2
507036,0
507133,0
507273,0
507376,0
507395,0
507431,0
507435,0
507505,0
507531,1
507557,0
507573,0
507617,0
507728,0
507732,0
507753,0
507759,0
507773,0
507805,0
508050,0
508096,0
508111,2
508144,0
508153,0
508240,0
508360,0
508367,0
508497,0
508512,1
508546,0
508611,2
508625,0
508693,0
508731,0
508848,0
508849,0
508856,0
508857,0
508860,0
508866,0
508877,0
508892,0
508901,0
508912,0
508917,0
508923,0
508938,0
508940,0
508944,0
508946,0
508964,2
508973,0
509001,2
509036,0
509052,0
509061,0
509069,0
509098,0
509115,0
509119,0
509157,0
509160,0
509162,1
509202,0
509221,0
509242,0
509272,1
509278,2
509282,0
509302,0
509316,0
509324,0
509341,0
509346,0
509353,2
509354,0
509359,0
509402,2
509411,0
509413,0
509414,2
509419,0
509421,0
509435,0
509445,0
509453,0
509454,0
509467,0
509498,2
509515,0
509516,0
509530,0
509598,0
509626,0
509635,0
509638,2
509645,0
509681,0
509712,0
509713,0
509717,0
509749,0
509763,0
509765,0
509781,1
509822,0
509826,0
509841,0
509855,2
509876,2
509892,1
509903,0
509919,0
509924,2
509933,0
509969,1
509990,0
510003,2
510022,0
510044,0
510048,0
510061,0
510067,0
510070,0
510078,0
510079,0
510081,0
510090,0
510093,0
510094,0
510104,0
510108,0
510112,2
510114,0
510134,0
510155,0
510156,0
510163,0
510164,0
510170,0
510172,0
510179,0
510185,0
510188,0
510195,0
510198,0
510213,0
510215,0
510219,0
510227,0
510238,0
510239,0
510243,0
510257,2
510270,2
510315,0
510326,0
510328,0
510343,0
510356,0
510365,0
510369,0
510379,1
510393,0
510418,2
510423,0
510449,0
510452,0
510459,0
510490,1
510494,0
510511,0
510533,0
510537,0
510543,2
510545,1
510558,0
510570,0
510571,1
510575,2
510580,0
510582,0
510586,0
510610,0
510618,0
510676,0
510686,0
510694,0
510700,0
510707,2
510719,2
510733,0
510754,0
510779,0
510805,0
510815,0
510822,0
510828,2
510836,0
510841,0
510890,0
510899,0
510944,0
510946,0
510953,2
510960,0
510961,0
510972,0
511017,0
511055,0
511066,0
511093,0
511122,0
511125,0
511126,0
511140,2
511142,0
511145,0
511148,0
511160,0
511178,0
511195,0
511208,0
511223,0
511238,2
511260,0
511298,0
511314,0
511326,0
511328,0
511331,0
511364,0
511377,1
511379,0
511397,0
511398,0
511399,0
511418,0
511424,0
511433,0
511440,0
511455,0
511469,0
511489,1
511502,0
511504,0
511535,0
511542,0
511549,0
511552,2
511554,0
511560,0
511567,0
511568,0
511570,1
511577,0
511578,0
511587,0
511589,2
511608,1
511609,0
511613,0
511638,0
511665,2
511666,0
511677,0
511680,0
511697,0
511712,0
511726,0
511739,0
511757,2
511762,0
511764,0
511772,0
511778,0
511783,0
511784,2
511800,0
511803,0
511805,0
511809,1
511811,0
511821,2
511827,1
511851,0
511859,0
511860,0
511862,0
511884,0
511902,0
511916,0
511923,0
511936,0
511943,0
511977,0
511989,2
511996,0
511998,0
512009,0
512010,0
512016,2
512024,1
512028,0
512060,0
512063,2
512069,0
512078,0
512099,0
512103,0
512147,1
512148,1
512163,0
512173,0
512190,2
512193,0
512197,0
512201,0
512204,0
512243,0
512249,2
512266,0
512271,0
512283,0
512289,0
512294,0
512295,0
512301,0
512302,0
512303,0
512305,1
512322,0
512329,0
512362,0
512377,0
512392,0
512402,0
512416,1
512418,2
512419,0
512440,0
512443,0
512447,1
512463,0
512495,0
512529,2
512536,0
512552,0
512556,0
512558,0
512587,0
512589,0
512596,0
512598,0
512610,0
512623,2
512628,0
512631,0
512655,0
512671,0
512677,2
512680,0
512691,0
512693,0
512695,0
512704,2
512706,0
512780,0
512786,0
512787,0
512791,0
512801,0
512826,0
512831,0
512835,0
512846,0
512848,0
512880,0
512887,0
512888,0
512900,0
512904,0
512922,0
512943,0
512945,0
512976,0
512984,0
512999,0
513004,0
513005,0
513006,0
513026,0
513030,0
513031,0
513058,0
513089,0
513090,0
513091,2
513093,0
513096,0
513103,0
513126,0
513164,0
513206,2
513216,0
513220,0
513221,2
513227,0
513233,0
513236,0
513237,0
513241,2
513242,0
513259,0
513261,2
513289,0
513296,0
513317,2
513322,0
513338,0
513339,0
513345,1
513347,0
513366,0
513381,0
513387,0
513397,0
513402,0
513408,0
513422,0
513425,2
513438,2
513441,2
513470,2
513495,0
513497,0
513509,2
513543,1
513546,2
513555,0
513568,1
513582,0
513602,2
513611,0
513613,0
513625,2
513627,0
513628,0
513638,0
513659,0
513661,2
513683,0
513714,2
513721,0
513742,2
513761,0
513776,0
513787,0
513791,0
513796,0
513800,2
513807,0
513823,2
513826,0
513844,0
513853,0
513856,0
513860,0
513869,1
513875,0
513917,0
513926,0
513933,0
513953,0
513956,0
513964,0
513967,0
513995,0
514002,0
514003,0
514021,2
514023,0
514053,0
514071,0
514076,0
514132,0
514133,0
514164,0
514167,0
514206,0
514208,0
514210,0
514215,0
514235,0
514261,0
514275,0
514289,2
514300,0
514315,0
514318,0
514324,0
514337,0
514342,0
514344,0
514370,0
514384,2
514395,0
514457,0
514460,0
514461,0
514501,1
514503,2
514515,2
514526,0
514551,1
514586,0
514589,0
514617,0
514623,0
514627,0
514638,0
514639,2
514642,2
514660,0
514675,0
514682,0
514684,2
514689,0
514737,0
514785,0
514810,0
514830,0
514867,0
514892,0
514893,1
514899,0
514926,0
514944,0
514951,0
514953,2
514980,0
514981,0
515004,0
515013,2
515020,0
515030,0
515051,0
515058,0
515060,0
515085,1
515103,0
515124,0
515131,0
515139,0
515161,0
515168,1
515182,0
515198,2
515200,0
515202,2
515205,2
515229,0
515240,2
515243,0
515258,0
515271,0
515274,0
515306,0
515330,0
515344,0
515398,0
515409,0
515421,0
515423,0
515436,1
515478,0
515490,0
515502,2
515514,2
515516,2
515523,0
515529,0
515530,2
515565,0
515578,0
515580,0
515586,0
515610,0
515639,0
515645,0
515666,0
515675,0
515684,0
515688,0
515694,0
515713,0
515727,0
515735,0
515739,0
515751,0
515764,0
515778,0
515802,0
515818,2
515831,0
515835,0
515854,1
515874,2
515891,0
515901,0
515908,0
515941,0
515947,0
515953,0
515974,0
515985,0
516001,2
516004,0
516006,0
516053,0
516057,0
516061,0
516076,2
516089,0
516092,0
516105,0
516117,0
516118,0
516127,2
516132,0
516144,0
516150,2
516152,0
516176,0
516177,0
516178,0
516211,0
516216,0
516217,2
516243,2
516246,0
516251,0
516269,0
516273,0
516282,0
516283,0
516287,0
516290,0
516296,0
516301,0
516351,0
516368,2
516375,0
516418,0
516420,0
516456,0
516507,0
516516,2
516528,0
516543,2
516556,0
516561,0
516571,0
516578,0
516579,0
516583,2
516590,0
516593,0
516594,0
516614,0
516616,0
516620,2
516639,0
516647,0
516679,0
516680,2
516682,0
516694,2
516697,2
516704,0
516732,0
516739,0
516744,1
516763,0
516765,2
516789,0
516798,0
516806,0
516808,0
516827,0
516833,0
516841,0
516862,0
516939,0
516965,0
516967,2
516972,0
517033,1
517061,0
517076,0
517105,0
517119,0
517131,1
517142,0
517143,1
517150,0
517158,0
517205,0
517212,0
517219,2
517231,2
517284,0
517324,2
517330,0
517356,0
517370,0
517392,0
517393,0
517397,0
517403,0
517415,2
517438,0
517445,0
517467,0
517486,0
517491,0
517543,2
517545,0
517548,0
517549,0
517571,0
517579,2
517581,0
517596,0
517633,0
517653,0
517674,2
517675,0
517676,0
517700,0
517715,0
517732,0
517735,2
517739,0
517743,0
517772,0
517776,0
517787,2
517803,0
517819,0
517825,0
517839,0
517847,0
517871,0
517894,0
517898,0
517925,2
517931,0
517961,0
517967,0
517968,0
518012,0
518015,0
518041,1
518044,0
518074,2
518084,2
518092,0
518121,0
518127,0
518135,0
518191,0
518196,0
518211,0
518219,0
518281,0
518324,0
518334,0
518338,0
518347,0
518348,0
518354,2
518372,0
518393,0
518406,0
518416,0
518422,1
518443,0
518450,0
518480,0
518495,0
518516,0
518526,0
518527,0
518533,0
518535,0
518541,0
518579,0
518582,2
518585,0
518612,0
518628,2
518629,0
518639,0
518642,2
518645,2
518694,0
518696,1
518711,0
518716,0
518722,0
518735,1
518743,0
518747,2
518751,0
518756,0
518826,0
518827,0
518865,0
518866,0
518867,0
518870,0
518894,0
518896,0
518907,0
518922,2
518925,1
518954,0
518956,0
518963,0
518971,0
518998,0
519014,0
519059,0
519079,0
519089,0
519091,2
519096,0
519114,0
519117,0
519137,0
519140,0
519171,2
519191,2
519205,0
519210,0
519211,0
519248,2
519254,0
519260,0
519267,0
519285,0
519312,2
519313,0
519335,1
519348,0
519353,1
519357,0
519368,0
519383,1
519392,0
519393,0
519406,2
519412,0
519419,0
519430,0
519446,0
519469,0
519515,0
519529,0
519532,0
519541,0
519548,2
519554,0
519561,2
519595,0
519596,0
519604,0
519626,0
519631,0
519664,0
519687,2
519694,0
519695,0
519706,2
519709,0
519718,0
519722,1
519725,0
519726,0
519747,0
519769,0
519774,0
519799,0
519846,0
519848,0
519853,0
519859,0
519885,0
519888,0
519893,0
519896,0
519905,0
519911,0
519912,0
519943,2
519955,0
519957,0
519961,0
519965,0
519982,2
520054,0
520063,0
520097,0
520106,0
520141,0
520152,0
520170,2
520175,0
520177,0
520182,0
520188,0
520193,0
520225,0
520244,0
520248,0
520250,0
520256,0
520265,0
520277,0
520291,0
520298,0
520307,0
520311,0
520327,0
520358,0
520373,0
520397,0
520405,0
520411,0
520422,0
520429,0
520436,0
520440,2
520480,0
520491,0
520497,0
520527,0
520530,0
520532,0
520539,0
520556,0
520558,0
520561,2
520603,2
520619,0
520680,0
520696,0
520708,0
520719,0
520733,0
520745,0
520762,0
520770,0
520771,1
520780,2
520783,0
520804,0
520819,0
520821,0
520844,0
520851,0
520861,0
520877,0
520878,0
520885,0
520898,0
520902,0
520920,1
520934,2
520947,0
520959,0
521000,0
521004,0
521009,2
521031,0
521033,0
521044,0
521060,0
521062,2
521065,0
521066,0
521070,0
521109,0
521127,0
521152,0
521170,0
521185,0
521186,0
521187,2
521192,0
521201,0
521211,1
521212,0
521235,0
521250,2
521259,0
521282,0
521286,0
521293,0
521295,0
521298,0
521309,0
521316,0
521331,0
521335,0
521343,0
521379,0
521392,0
521404,0
521408,0
521416,0
521434,0
521462,0
521491,0
521509,0
521510,0
521514,0
521587,0
521607,0
521609,0
521642,1
521657,0
521658,0
521663,2
521695,0
521708,0
521719,0
521720,0
521743,0
521748,0
521768,0
521785,2
521814,0
521859,0
521865,0
521883,0
521884,0
521885,0
521904,0
521921,2
521925,0
521941,0
521943,0
521956,0
521963,1
521986,0
521992,0
521997,0
522001,2
522005,0
522062,0
522086,0
522111,0
522112,0
522115,0
522118,0
522152,0
522171,0
522179,0
522184,2
522201,1
522223,0
522233,0
522237,0
522263,0
522265,0
522276,0
522286,0
522315,0
522323,0
522364,0
522373,0
522375,0
522387,2
522402,0
522420,2
522426,0
522427,0
522438,0
522441,0
522445,0
522457,0
522465,0
522476,0
522484,0
522513,0
522523,0
522532,0
522533,0
522585,0
522607,0
522624,2
522631,0
522633,0
522634,0
522639,0
522654,0
522687,0
522738,0
522745,0
522748,0
522761,0
522788,1
522800,0
522809,0
522873,2
522898,0
522911,2
522927,0
522937,0
522939,0
522943,1
522944,0
522970,0
522981,0
522999,0
523030,0
523057,2
523073,0
523077,0
523090,0
523098,0
523146,0
523158,0
523209,0
523228,0
523231,0
523256,0
523271,0
523273,0
523290,0
523299,2
523301,0
523335,0
523338,0
523392,0
523395,0
523442,0
523454,0
523465,0
523474,0
523484,0
523503,2
523505,0
523511,0
523513,0
523517,1
523526,2
523546,0
523559,0
523612,0
523619,1
523657,0
523666,0
523686,0
523690,0
523700,2
523710,0
523715,0
523717,0
523729,1
523735,0
523746,0
523756,0
523768,0
523771,1
523787,0
523800,0
523807,0
523819,0
523824,0
523841,0
523842,0
523845,0
523846,0
523860,2
523877,0
523887,1
523913,0
523938,0
523981,0
524001,0
524012,0
524031,0
524036,0
524038,0
524043,0
524046,0
524052,0
524057,1
524076,0
524080,0
524098,2
524116,0
524120,0
524151,0
524167,0
524169,0
524172,2
524180,0
524194,0
524200,0
524211,0
524214,0
524226,0
524244,0
524251,0
524278,0
524313,0
524318,2
524328,0
524358,0
524365,0
524383,0
524407,0
524412,0
524419,0
524448,2
524473,0
524484,2
524511,0
524572,0
524606,2
524607,0
524615,0
524620,0
524628,0
524637,0
524644,2
524650,0
524663,0
524668,0
524682,0
524722,0
524728,2
524739,0
524766,0
524797,2
524805,0
524807,0
524821,2
524834,0
524842,2
524849,0
524861,0
524880,2
524885,2
524895,0
524909,0
524913,2
524923,2
524926,0
524929,0
524940,2
524980,0
525022,0
525034,0
525043,0
525053,0
525056,0
525081,0
525089,0
525102,0
525106,0
525168,0
525175,2
525176,0
525201,0
525227,0
525234,0
525244,0
525265,0
525281,0
525308,0
525323,0
525332,0
525356,0
525377,2
525389,0
525405,2
525410,0
525415,0
525447,0
525488,0
525515,0
525529,0
525546,0
525555,0
525591,0
525610,0
525611,0
525615,0
525631,1
525647,2
525671,0
525684,0
525716,0
525722,0
525734,0
525761,1
525769,0
525789,0
525804,0
525806,0
525824,2
525842,0
525844,0
525848,2
525864,0
525879,0
525920,0
525975,0
525996,0
526032,2
526036,2
526062,0
526079,0
526084,0
526102,0
526144,0
526154,0
526174,0
526179,0
526184,1
526203,0
526221,0
526235,0
526239,0
526256,0
526258,0
526291,2
526297,0
526303,1
526308,0
526332,2
526354,0
526365,0
526367,0
526372,0
526378,0
526409,0
526431,0
526435,2
526443,2
526445,0
526471,0
526490,0
526492,0
526495,2
526540,0
526565,0
526570,0
526628,0
526668,0
526676,0
526683,0
526690,0
526711,0
526727,0
526729,0
526740,2
526759,2
526782,0
526789,0
526837,0
526855,0
526858,2
526867,0
526872,1
526873,0
526900,0
526901,0
526905,0
526913,0
526916,2
526950,0
526959,0
526970,0
527001,2
527004,0
527019,0
527038,0
527046,0
527075,0
527081,0
527082,0
527109,0
527130,2
527132,0
527133,0
527141,0
527142,0
527150,0
527154,0
527158,0
527187,0
527197,0
527219,0
527232,0
527253,0
527280,0
527326,2
527344,0
527346,2
527354,0
527359,0
527389,1
527393,0
527396,0
527401,0
527406,0
527451,0
527452,0
527455,0
527464,0
527467,0
527470,0
527490,0
527507,0
527508,0
527518,0
527524,2
527536,2
527541,1
527552,1
527560,1
527564,0
527585,0
527605,0
527689,1
527690,0
527726,2
527735,0
527750,1
527782,0
527783,0
527801,2
527824,0
527850,0
527857,1
527886,0
527928,0
527944,0
527945,2
527984,0
527987,0
527995,0
528020,0
528028,0
528046,0
528061,0
528098,2
528105,0
528122,0
528137,2
528139,1
528158,0
528164,0
528179,1
528186,0
528193,0
528216,0
528242,0
528244,0
528248,0
528281,0
528322,0
528330,0
528354,0
528372,1
528378,0
528379,0
528411,0
528413,2
528417,0
528421,0
528455,0
528461,2
528490,0
528500,0
528522,0
528542,0
528567,0
528580,0
528612,0
528657,0
528661,0
528683,0
528688,1
528690,0
528706,0
528723,0
528735,0
528743,0
528744,0
528777,0
528816,0
528826,0
528827,0
528828,0
528829,0
528839,2
528842,0
528844,0
528906,0
528929,2
528930,0
528936,2
528942,0
528953,0
528965,0
528967,0
528995,0
528999,0
529019,0
529023,0
529048,0
529050,0
529082,0
529205,0
529214,0
529216,1
529224,0
529229,0
529231,0
529237,0
529249,0
529284,2
529309,0
529332,0
529338,0
529362,0
529406,0
529420,2
529421,0
529422,0
529424,0
529428,0
529436,0
529488,2
529501,0
529502,0
529510,0
529513,0
529520,2
529566,0
529602,0
529677,1
529678,0
529689,0
529695,0
529704,1
529734,0
529737,2
529768,0
529781,0
529783,1
529787,0
529801,0
529831,0
529840,2
529845,0
529857,2
529879,0
529887,0
529913,2
529940,0
529972,0
530004,2
530039,0
530090,0
530118,0
530188,0
530199,2
530213,0
530223,0
530240,0
530277,0
530278,0
530282,0
530298,0
530315,0
530322,0
530329,2
530365,0
530371,0
530374,0
530379,0
530383,0
530385,0
530421,0
530427,0
530463,0
530468,0
530514,0
530543,0
530563,0
530579,0
530581,1
530585,0
530592,0
530599,1
530607,0
530625,0
530627,0
530633,2
530645,0
530649,0
530656,0
530665,0
530666,0
530667,0
530672,2
530673,2
530687,0
530719,0
530720,0
530724,0
530739,0
530743,0
530754,0
530773,0
530775,0
530797,0
530801,0
530810,0
530833,0
530869,1
530873,2
530881,0
530906,0
530949,0
530950,0
530978,0
531006,0
531009,0
531016,0
531020,0
531027,0
531031,2
531054,0
531073,0
531094,0
531109,0
531143,0
531144,0
531158,0
531198,0
531204,0
531217,0
531253,0
531255,2
531322,0
531339,2
531344,0
531361,0
531373,0
531386,0
531427,0
531431,0
531447,0
531456,2
531467,0
531471,0
531499,0
531500,1
531511,0
531512,0
531557,0
531562,1
531568,0
531615,2
531620,2
531625,0
531650,0
531654,0
531663,0
531670,0
531682,2
531735,2
531739,0
531744,0
531745,0
531771,0
531777,0
531789,0
531795,0
531803,2
531807,0
531824,0
531834,0
531844,2
531847,0
531857,0
531868,0
531884,0
531921,0
531926,2
531931,0
531959,2
531967,2
531971,0
531987,0
531989,1
531994,0
532063,0
532064,2
532073,0
532101,2
532106,0
532119,0
532159,0
532215,0
532225,0
532233,0
532258,0
532259,0
532312,0
532329,1
532347,0
532361,0
532365,2
532381,0
532387,0
532388,0
532390,0
532410,0
532426,2
532432,1
532433,0
532500,0
532519,0
532535,0
532544,0
532568,0
532607,0
532622,0
532623,0
532627,2
532637,1
532650,0
532651,0
532653,0
532656,0
532705,0
532710,0
532711,2
532721,0
532725,2
532742,0
532748,0
532750,0
532774,2
532810,0
532823,0
532835,0
532843,0
532863,0
532866,0
532901,0
532905,2
532912,0
532941,0
532989,0
533048,2
533093,0
533117,0
533123,0
533129,0
533155,0
533187,1
533199,0
533204,2
533211,0
533222,0
533248,0
533251,0
533283,0
533291,0
533302,0
533327,0
533357,0
533378,0
533388,2
533393,1
533396,0
533402,0
533404,0
533411,0
533464,0
533490,0
533492,0
533497,0
533518,0
533527,0
533537,0
533542,0
533550,0
533573,0
533575,0
533598,0
533613,0
533617,0
533656,2
533716,0
533742,0
533755,2
533759,0
533773,0
533782,0
533809,0
533827,2
533846,0
533859,0
533895,0
533908,0
533932,0
533975,1
533985,0
533990,0
534040,0
534045,2
534066,0
534082,2
534088,0
534105,0
534179,0
534190,0
534246,0
534254,0
534295,0
534333,0
534351,0
534360,0
534378,0
534380,0
534391,0
534445,2
534474,0
534499,1
534564,0
534586,2
534594,0
534604,2
534607,0
534608,0
534661,1
534688,0
534697,0
534703,0
534742,0
534747,0
534782,0
534798,0
534825,2
534840,0
534842,0
534858,0
534895,0
534903,0
534939,0
534948,1
534957,0
534971,0
534986,0
535003,2
535007,0
535024,0
535035,0
535047,0
535051,0
535060,0
535063,0
535081,0
535099,0
535135,0
535136,0
535149,0
535155,0
535177,0
535189,0
535229,0
535266,1
535311,0
535341,0
535365,0
535398,0
535441,0
535447,0
535459,0
535473,2
535495,0
535497,2
535502,0
535553,0
535595,0
535600,0
535610,0
535625,0
535637,0
535644,0
535682,2
535686,0
535701,2
535702,0
535706,0
535734,0
535737,2
535746,0
535747,0
535791,0
535795,0
535878,0
535879,0
535885,0
535896,0
535905,0
535906,0
535912,0
535942,0
535983,0
535994,1
536000,0
536016,2
536034,0
536035,0
536039,2
536050,0
536058,0
536066,0
536086,0
536099,0
536135,2
536170,2
536212,2
536229,2
536241,2
536275,0
536278,1
536313,0
536343,2
536387,0
536431,0
536467,0
536469,0
536474,0
536489,0
536490,0
536532,0
536566,0
536574,0
536594,1
536604,0
536622,0
536641,0
536651,0
536652,0
536656,0
536658,0
536659,0
536672,0
536675,0
536691,0
536695,0
536763,0
536764,0
536782,0
536791,0
536810,0
536843,0
536876,0
536893,0
536951,0
536964,0
536995,0
537038,0
537066,0
537098,2
537121,2
537123,0
537177,2
537181,0
537212,0
537227,0
537289,0
537317,0
537373,0
537393,0
537400,1
537412,0
537413,0
537414,0
537470,1
537481,1
537507,0
537560,0
537586,0
537595,0
537659,1
537671,0
537676,0
537688,0
537725,0
537748,0
537770,0
537776,1
537795,2
537804,0
537818,2
537819,0
537834,0
537860,0
537861,0
537904,0
537922,0
537926,1
537975,1
538069,2
538074,0
538084,0
538108,2
538112,0
538131,0
538134,0
538147,0
538167,0
538188,0
538197,0
538214,0
538216,0
538260,0
538270,0
538274,0
538279,0
538306,0
538319,0
538321,0
538331,0
538349,0
538350,0
538388,0
538413,2
538426,0
538432,0
538438,0
538441,0
538454,0
538457,0
538458,0
538463,2
538489,0
538511,2
538522,0
538529,0
538538,0
538608,0
538638,0
538641,0
538666,2
538677,0
538680,0
538691,0
538696,1
538703,0
538714,0
538780,0
538788,0
538814,0
538883,0
538915,0
538919,2
538944,0
538976,0
539008,0
539010,0
539012,0
539093,0
539105,0
539135,0
539140,0
539146,0
539209,0
539221,0
539243,0
539267,0
539283,0
539300,0
539307,2
539315,0
539317,0
539320,0
539337,2
539338,0
539384,0
539414,0
539426,0
539453,1
539460,0
539510,0
539519,0
539528,2
539542,2
539558,0
539566,0
539611,0
539625,0
539627,0
539637,0
539648,0
539656,1
539669,0
539671,0
539710,0
539729,2
539782,2
539794,0
539855,0
539864,0
539866,2
539868,0
539883,0
539888,1
539899,2
539912,0
539916,0
539917,0
539919,1
539936,0
539953,0
540014,0
540029,2
540043,2
540094,0
540138,1
540147,0
540150,0
540180,0
540199,0
540226,2
540244,0
540252,0
540253,0
540260,0
540302,0
540306,0
540308,0
540319,0
540347,0
540348,0
540413,0
540415,0
540444,0
540455,0
540475,0
540502,0
540527,0
540557,0
540572,0
540580,0
540597,0
540605,0
540614,0
540622,0
540642,2
540652,2
540653,1
540654,0
540656,0
540664,0
540666,0
540698,0
540708,0
540718,0
540733,0
540777,2
540819,0
540837,0
540857,2
540863,1
540924,1
540941,1
540966,2
540973,0
540974,0
541001,0
541040,0
541041,0
541047,2
541061,2
541083,2
541084,0
541112,0
541132,2
541150,0
541162,0
541168,0
541176,0
541193,2
541216,0
541224,0
541235,0
541236,2
541240,0
541249,0
541259,0
541262,0
541282,2
541289,0
541326,0
541352,0
541357,0
541382,0
541389,0
541438,0
541454,0
541497,2
541505,0
541516,0
541540,0
541612,0
541649,0
541672,0
541699,0
541700,0
541734,0
541735,2
541752,0
541764,0
541812,0
541878,0
541901,0
541906,0
541921,1
541923,0
541931,1
541939,0
541967,0
541972,0
541980,0
541998,0
541999,1
542012,0
542015,0
542027,0
542036,0
542056,1
542059,0
542065,0
542080,0
542095,2
542142,0
542153,0
542189,0
542194,0
542196,2
542208,0
542230,2
542254,0
542267,2
542270,0
542277,0
542282,0
542303,2
542316,1
542326,0
542334,0
542358,0
542366,0
542383,0
542418,0
542451,0
542471,0
542482,2
542570,0
542585,0
542605,0
542638,2
542657,0
542658,2
542663,0
542670,0
542752,0
542760,0
542767,0
542795,0
542796,0
542805,0
542812,1
542825,0
542843,0
542850,0
542857,2
542874,2
542914,0
542918,0
542937,0
542965,1
542976,0
543008,0
543038,0
543052,0
543074,0
543075,0
543081,0
543114,0
543165,0
543222,0
543237,0
543240,0
543271,0
543273,0
543304,0
543306,0
543327,0
543339,0
543352,0
543375,0
543385,0
543428,1
543437,0
543476,1
543497,0
543557,0
543559,0
543618,0
543620,2
543659,0
543660,1
543666,0
543668,0
543671,0
543694,0
543713,0
543716,0
543723,2
543728,0
543778,0
543810,0
543816,2
543826,0
543885,2
543900,0
543927,0
543937,0
543952,0
543968,0
543976,0
544002,0
544008,0
544012,0
544015,0
544043,0
544163,0
544207,0
544254,0
544256,2
544271,0
544333,2
544364,2
544367,0
544391,0
544406,0
544414,0
544425,2
544444,0
544447,0
544449,0
544469,0
544476,0
544480,0
544495,2
544507,2
544513,0
544536,1
544549,0
544595,0
544604,0
544627,0
544640,0
544647,1
544680,0
544683,0
544685,2
544694,0
544698,1
544747,0
544749,0
544818,0
544839,0
544868,0
544926,0
545010,2
545011,0
545012,0
545063,2
545070,0
545109,0
545115,0
545132,0
545208,2
545209,0
545226,0
545247,2
545249,0
545264,2
545272,0
545290,0
545300,0
545317,0
545318,0
545327,0
545344,1
545345,0
545360,0
545375,2
545399,0
545404,0
545446,2
545465,0
545510,0
545518,0
545551,0
545577,0
545629,0
545633,0
545634,0
545652,0
545684,2
545736,0
545745,0
545748,0
545754,2
545755,0
545758,0
545763,1
545770,0
545771,0
545803,0
545805,0
545810,1
545848,2
545865,0
545879,0
545936,0
545939,0
545958,2
545981,0
546008,0
546050,0
546061,0
546064,0
546065,0
546072,0
546127,0
546130,0
546131,0
546161,0
546164,2
546190,0
546224,0
546256,0
546280,0
546282,0
546307,0
546334,0
546395,0
546399,2
546419,0
546437,0
546462,1
546470,2
546485,0
546509,0
546529,0
546587,0
546612,0
546648,0
546664,0
546671,0
546679,0
546688,0
546702,0
546728,0
546740,0
546756,2
546774,0
546842,1
546844,0
546847,0
546857,2
546864,0
546867,0
546881,0
546882,2
546884,1
546888,2
546900,0
546937,2
546964,0
546972,0
547006,2
547007,0
547037,0
547070,0
547100,0
547130,0
547150,0
547164,2
547175,0
547180,0
547181,1
547201,2
547266,0
547301,1
547320,1
547325,0
547336,0
547342,0
547412,0
547453,0
547458,0
547459,0
547483,0
547512,0
547555,0
547559,0
547568,0
547606,0
547613,0
547617,0
547663,0
547664,0
547693,2
547761,0
547776,0
547779,0
547792,0
547817,0
547823,0
547825,0
547834,2
547836,0
547857,0
547862,0
547878,1
547911,0
547938,2
547951,0
547966,1
547997,2
548006,0
548022,0
548032,0
548037,0
548040,0
548093,2
548109,0
548113,0
548120,0
548123,2
548185,1
548189,2
548190,0
548222,0
548228,1
548230,0
548256,0
548258,0
548272,0
548307,0
548310,2
548391,0
548408,0
548422,0
548434,0
548448,0
548474,0
548488,0
548490,0
548504,0
548560,0
548568,0
548587,0
548635,0
548651,0
548653,0
548672,0
548708,0
548743,0
548853,0
548859,0
548872,1
548961,0
548967,0
548978,0
548988,0
548990,0
549058,2
549115,0
549116,0
549121,0
549141,1
549152,0
549154,0
549202,0
549235,1
549251,0
549274,0
549281,0
549290,1
549292,0
549293,2
549303,0
549313,0
549357,0
549359,0
549361,0
549366,2
549367,0
549377,0
549389,1
549390,1
549450,2
549466,0
549472,0
549482,0
549515,0
549569,0
549572,0
549579,0
549580,0
549584,0
549608,2
549611,0
549623,0
549631,0
549710,0
549714,0
549733,0
549746,0
549759,2
549764,0
549777,0
549797,0
549800,0
549850,0
549894,2
549938,0
549988,2
549992,0
550017,0
550019,0
550022,2
550028,2
550068,0
550071,0
550077,0
550105,0
550110,0
550134,0
550193,1
550200,2
550202,0
550221,0
550222,0
550229,0
550233,0
550298,1
550300,0
550317,0
550400,0
550421,0
550426,0
550442,0
550455,0
550459,0
550460,0
550482,2
550506,2
550514,1
550572,0
550579,0
550599,2
550627,2
550703,1
550752,0
550754,0
550796,1
550804,0
550805,0
550830,2
550868,0
550871,0
550904,0
550973,0
550985,0
551023,0
551032,0
551042,0
551051,1
551088,0
551116,0
551166,0
551211,2
551217,0
551237,0
551241,0
551245,2
551278,0
551282,0
551331,0
551340,2
551359,0
551430,0
551431,2
551448,0
551468,0
551473,1
551488,2
551501,2
551549,0
551560,0
551567,0
551615,0
551620,0
551622,0
551627,0
551662,0
551665,0
551671,2
551681,0
551685,0
551718,0
551804,0
551834,0
551847,0
551890,0
551908,2
551914,0
551935,1
551963,0
551967,0
552036,2
552088,0
552165,2
552172,0
552192,0
552209,2
552302,2
552303,0
552313,0
552314,0
552345,0
552348,0
552363,0
552364,1
552366,0
552372,0
552384,0
552414,0
552432,0
552440,0
552473,0
552487,0
552506,2
552532,2
552535,0
552558,0
552573,0
552597,0
552598,0
552613,0
552642,0
552643,0
552649,0
552653,0
552661,0
552726,2
552732,0
552734,0
552760,0
552763,0
552775,0
552809,0
552861,2
552904,0
552929,0
552944,0
552945,0
553017,0
553054,0
553139,0
553151,0
553208,1
553219,0
553220,0
553231,0
553245,0
553339,0
553361,0
553456,2
553533,0
553559,0
553568,0
553607,0
553631,2
553633,2
553645,0
553664,0
553690,2
553704,1
553751,0
553754,0
553773,0
553783,0
553791,0
553805,0
553876,0
553901,0
553904,2
553938,0
553943,0
553955,0
553967,0
553984,0
553985,0
554026,0
554079,0
554141,0
554155,0
554163,0
554175,0
554213,0
554217,2
554269,0
554284,0
554289,1
554299,2
554357,2
554413,0
554444,0
554450,2
554507,0
554532,0
554560,0
554609,0
554670,0
554681,2
554724,1
554753,0
554801,0
554853,0
554866,2
554885,0
554922,0
554939,2
554949,2
554956,0
554961,0
555030,0
555083,0
555108,0
555135,0
555151,0
555180,0
555186,0
555187,2
555191,0
555193,0
555203,1
555206,0
555250,0
555257,0
555275,0
555277,0
555299,0
555301,0
555310,0
555326,0
555334,2
555418,2
555428,0
555478,0
555484,0
555492,0
555499,0
555521,0
555563,0
555587,0
555600,0
555648,0
555656,2
555698,0
555710,2
555712,2
555751,0
555770,0
555773,0
555782,0
555784,0
555796,0
555818,2
555850,0
555852,0
555894,0
555934,0
555960,2
555990,1
555997,0
556015,0
556019,0
556052,0
556067,0
556111,0
556119,0
556127,0
556138,0
556214,2
556215,0
556268,0
556314,2
556347,0
556391,0
556417,2
556533,0
556579,1
556621,2
556622,0
556623,0
556647,0
556673,0
556714,0
556744,0
556824,0
556827,0
556830,0
556841,0
556887,0
556904,0
556906,0
557005,0
557033,0
557036,0
557055,2
557107,0
557108,0
557118,0
557134,0
557236,0
557248,2
557262,0
557282,0
557298,0
557307,0
557314,0
557343,0
557402,0
557449,0
557476,0
557492,0
557496,0
557508,0
557525,0
557562,0
557569,2
557643,0
557672,0
557692,0
557726,2
557762,2
557794,0
557799,1
557815,0
557851,0
557875,0
557876,2
557887,0
557921,0
557932,0
557956,0
557957,0
557963,0
557992,2
558018,0
558019,0
558081,0
558114,0
558138,0
558147,2
558204,0
558251,0
558270,0
558277,0
558294,0
558300,0
558362,0
558388,0
558394,0
558395,1
558437,0
558466,0
558489,0
558506,0
558513,0
558651,0
558659,0
558682,0
558774,0
558786,0
558838,0
558851,2
558852,2
558920,0
558966,0
558987,0
558988,0
559068,0
559071,0
559093,0
559094,2
559107,0
559112,0
559146,0
559148,0
559164,0
559176,0
559194,0
559211,0
559226,0
559228,0
559266,0
559277,0
559324,0
559345,2
559368,0
559407,0
559441,0
559461,2
559464,0
559468,0
559469,0
559473,0
559520,0
559537,0
559547,2
559661,2
559695,0
559712,0
559758,1
559772,0
559775,0
559782,0
559787,0
559794,0
559832,2
559834,0
559846,0
559863,0
559901,0
559918,0
559936,0
559981,0
559995,2
560035,0
560065,0
560078,0
560085,0
560090,0
560125,0
560175,0
560195,0
560213,0
560245,0
560257,1
560273,0
560279,2
560291,0
560341,0
560362,0
560367,0
560374,0
560433,2
560468,0
560478,0
560495,2
560497,0
560508,2
560511,0
560519,0
560627,0
560672,0
560680,2
560723,2
560733,0
560739,0
560747,0
560796,0
560803,0
560854,0
560870,0
560888,0
560897,0
560929,0
560948,2
560949,2
560991,0
561013,2
561031,0
561033,0
561037,0
561044,2
561054,0
561156,2
561201,0
561243,0
561288,2
561326,0
561331,0
561333,2
561339,0
561353,0
561367,0
561386,0
561503,0
561519,2
561642,0
561652,0
561653,0
561665,2
561687,0
561707,2
561710,0
561798,0
561837,0
561846,0
561864,0
561896,0
561908,2
561945,0
561950,0
561992,0
561994,0
562010,0
562032,1
562042,0
562108,0
562148,0
562161,0
562192,0
562209,0
562238,0
562275,0
562283,1
562315,0
562334,0
562338,0
562362,0
562398,0
562416,0
562417,0
562428,0
562490,0
562529,0
562576,1
562585,0
562587,1
562612,0
562641,0
562648,0
562708,0
562832,0
562843,0
562869,0
562886,0
562888,2
562894,0
563012,2
563021,0
563052,1
563059,0
563100,0
563148,0
563162,0
563165,0
563201,0
563221,0
563253,0
563266,0
563315,0
563335,0
563340,0
563342,2
563343,0
563375,0
563410,0
563425,0
563482,0
563483,0
563489,0
563507,0
563544,0
563588,0
563592,0
563598,0
563679,2
563711,0
563731,0
563735,0
563736,1
563740,0
563773,0
563787,0
563831,2
563853,0
563882,0
563896,0
563956,0
563974,1
563995,2
564052,0
564100,0
564112,0
564182,0
564204,0
564219,0
564234,0
564252,0
564306,0
564312,0
564364,2
564369,2
564377,0
564430,0
564434,2
564495,0
564498,2
564517,0
564534,0
564593,0
564596,0
564604,0
564606,0
564616,0
564620,0
564699,0
564713,0
564736,0
564737,2
564792,0
564822,2
564842,0
564854,0
564962,0
565070,0
565076,2
565109,0
565114,0
565131,0
565212,0
565240,2
565251,0
565265,0
565275,0
565280,0
565294,0
565301,0
565348,2
565365,0
565377,0
565387,0
565419,0
565459,0
565460,0
565464,0
565467,0
565508,2
565510,0
565514,0
565565,0
565573,0
565582,0
565601,2
565718,0
565755,0
565764,0
565768,0
565791,0
565826,2
565827,0
565841,0
565902,0
565910,0
565912,2
565935,0
565949,0
566002,2
566008,0
566032,0
566044,2
566059,0
566061,0
566096,0
566097,2
566152,0
566173,0
566174,0
566196,0
566275,0
566279,0
566336,0
566338,0
566366,0
566424,0
566432,0
566455,0
566456,2
566489,0
566533,0
566547,0
566592,2
566614,0
566625,0
566626,0
566650,0
566682,0
566702,0
566726,0
566735,0
566749,2
566762,0
566770,1
566787,0
566815,0
566861,0
566875,0
566881,0
566953,0
566964,0
566992,0
566996,2
566998,0
566999,2
567061,0
567114,2
567172,0
567195,0
567211,0
567219,0
567243,0
567245,2
567256,0
567342,1
567390,2
567431,0
567432,0
567448,0
567478,0
567518,0
567547,2
567548,0
567558,0
567563,0
567589,1
567643,0
567651,0
567682,0
567778,0
567824,2
567849,0
567885,0
567906,0
567943,2
567950,0
567961,0
568004,0
568013,0
568060,0
568064,0
568078,0
568086,0
568093,0
568101,0
568105,0
568121,0
568155,2
568167,0
568182,0
568258,1
568325,0
568371,0
568385,0
568416,0
568463,0
568486,0
568513,1
568536,2
568602,0
568605,0
568641,0
568696,0
568713,0
568716,0
568773,0
568790,0
568917,2
568931,0
568970,2
568984,2
569031,0
569082,0
569107,2
569150,0
569170,0
569180,0
569203,0
569236,0
569239,0
569243,0
569300,0
569335,2
569342,0
569364,0
569458,0
569466,0
569472,0
569530,0
569534,0
569572,0
569643,2
569733,0
569754,0
569779,0
569788,0
569792,0
569817,0
569829,0
569832,0
569863,0
569883,0
569920,0
569923,2
570021,0
570076,0
570144,0
570162,0
570215,0
570219,0
570224,0
570226,0
570242,2
570279,0
570291,0
570329,2
570330,2
570346,0
570369,0
570418,0
570436,0
570439,0
570600,2
570601,0
570625,2
570626,0
570631,0
570639,0
570654,0
570666,0
570683,0
570692,0
570693,0
570713,0
570746,0
570750,2
570782,0
570821,0
570829,0
570837,0
570862,2
570928,0
570945,0
570961,1
570988,0
571015,0
571084,0
571200,0
571208,2
571233,0
571243,2
571251,0
571300,0
571348,0
571363,0
571429,0
571454,0
571523,0
571525,0
571553,0
571560,0
571561,2
571566,0
571580,2
571637,0
571639,0
571643,0
571757,2
571819,0
571864,0
571876,1
571888,0
571913,0
571940,1
572106,2
572133,1
572154,1
572176,0
572214,2
572290,0
572396,0
572397,2
572428,0
572479,0
572489,2
572502,0
572529,0
572538,0
572554,0
572578,0
572591,2
572609,0
572632,0
572669,0
572728,0
572744,0
572826,0
572870,2
572898,0
572908,0
572932,2
572992,0
573010,0
573011,2
573040,0
573086,0
573122,0
573147,0
573153,0
573189,0
573191,0
573237,0
573244,0
573249,0
573291,0
573365,0
573373,0
573378,0
573379,0
573420,0
573423,2
573427,0
573493,0
573518,0
573564,0
573584,0
573588,0
573621,0
573648,0
573670,0
573698,0
573704,0
573719,2
573720,0
573792,0
573807,0
573841,0
573922,0
573926,2
573939,0
573946,0
573988,0
574003,0
574071,0
574104,0
574116,2
574134,0
574150,0
574206,0
574279,0
574362,2
574409,0
574419,0
574440,0
574465,0
574467,0
574489,0
574493,0
574513,0
574603,0
574625,0
574680,0
574794,2
574840,0
574885,0
574909,0
574987,0
575051,0
575055,0
575092,2
575131,0
575208,2
575233,0
575253,0
575299,0
575419,0
575433,0
575459,0
575500,0
575528,0
575554,2
575561,0
575576,0
575677,0
575692,2
575711,0
575733,2
575756,0
575774,0
575809,0
575823,2
575868,0
575908,0
575923,2
575964,2
575971,0
576040,0
576103,0
576136,0
576159,0
576169,0
576231,0
576272,0
576357,0
576366,0
576369,0
576370,0
576373,0
576541,0
576612,0
576663,0
576677,0
576691,0
576712,1
576765,2
576785,2
576833,0
576846,2
576849,0
576879,0
576945,0
576962,1
576966,0
576985,0
577007,0
577044,0
577046,0
577074,0
577089,0
577115,0
577145,0
577180,0
577208,0
577215,0
577216,0
577225,0
577255,0
577287,0
577356,0
577381,2
577386,2
577410,0
577534,2
577539,0
577541,0
577598,0
577617,0
577625,0
577626,0
577638,0
577643,2
577667,2
577851,0
577901,2
577915,0
577921,0
577930,0
577944,2
577984,0
578058,0
578088,0
578120,0
578164,0
578396,0
578459,0
578488,0
578503,0
578511,2
578549,0
578607,0
578824,0
578866,2
578872,0
578886,1
578892,0
578929,0
578938,0
578947,0
578993,0
579021,0
579040,2
579065,0
579230,2
579275,0
579307,0
579323,0
579404,0
579503,2
579547,0
579589,0
579707,0
579714,1
579783,2
579792,0
579804,0
579829,0
579846,2
579950,0
579971,2
580026,2
580077,0
580211,0
580212,0
580402,0
580460,0
580515,0
580578,0
580611,0
580622,2
580626,0
580658,0
580895,1
580902,0
580944,0
580971,0
581005,0
581085,0
581086,2
581091,0
581110,2
581111,0
581120,0
581239,0
581269,0
581307,0
581343,2
581365,0
581385,1
581388,0
581409,0
581412,0
581438,0
581527,0
581577,0
581666,0
581679,2
581685,0
581721,0
581729,2
581770,1
581835,0
581858,0
581901,0
582011,0
582038,0
582190,2
582227,0
582241,2
582254,0
582319,0
582320,0
582326,0
582333,0
582343,0
582446,0
582482,0
582484,0
582577,0
582586,2
582636,0
582664,0
582723,0
582729,2
582768,0
582785,0
582796,2
582801,0
582828,2
582833,2
582903,2
582979,0
582995,0
583016,0
583023,0
583038,0
583052,0
583070,0
583087,0
583120,0
583134,0
583166,0
583190,2
583200,0
583297,0
583335,0
583336,0
583342,1
583446,2
583454,0
583483,0
583486,0
583490,1
583499,0
583526,0
583612,0
583623,0
583664,0
583759,0
583764,0
583931,0
583955,2
583976,0
584012,0
584030,0
584034,0
584115,1
584134,0
584185,0
584217,2
584241,1
584247,0
584288,0
584423,0
584459,0
584525,0
584530,0
584531,0
584537,0
584549,0
584591,0
584666,0
584787,1
584843,0
584844,0
584875,0
584912,0
584977,0
584998,0
585138,2
585169,2
585187,0
585231,2
585248,0
585250,2
585310,0
585361,2
585492,0
585522,2
585583,0
585585,0
585595,0
585650,0
585717,0
585722,0
585745,0
585768,0
585832,0
585882,0
585915,2
585946,0
585965,0
585986,0
586006,0
586038,0
586063,2
586077,0
586096,0
586122,0
586124,0
586192,0
586251,0
586257,2
586270,0
586312,0
586357,2
586384,0
586458,2
586471,0
586631,0
586637,0
586644,0
586656,0
586672,0
586701,0
586732,0
586762,0
586774,0
586803,2
586811,0
586820,0
586850,0
586876,0
586887,0
586936,2
586953,0
587134,0
587195,0
587233,2
587234,0
587304,0
587313,0
587373,0
587459,0
587470,0
587483,0
587538,2
587577,0
587601,2
587642,2
587675,0
587698,0
587753,1
587754,0
587802,0
587810,0
587899,0
588013,0
588048,0
588103,0
588355,0
588370,0
588386,0
588391,0
588414,0
588497,0
588507,0
588560,2
588582,2
588677,0
588732,0
588797,0
588820,0
588893,0
588919,0
588970,1
589121,0
589140,0
589154,0
589162,0
589164,0
589171,0
589228,0
589259,0
589306,0
589311,0
589404,0
589405,0
589414,0
589489,0
589539,1
589630,0
589650,0
589758,0
589775,0
589812,0
589822,2
589868,0
589884,0
589977,0
589995,0
590014,0
590040,0
590077,0
590095,0
590103,0
590123,2
590130,0
590163,0
590202,0
590227,0
590230,0
590379,0
590394,0
590400,0
590404,0
590412,0
590420,0
590429,0
590434,0
590442,0
590468,2
590471,0
590473,0
590558,0
590659,1
590697,1
590744,0
590829,0
590843,2
590905,0
590922,0
590954,0
590967,0
590981,0
591003,0
591063,2
591097,0
591155,0
591255,0
591271,2
591328,2
591381,0
591433,0
591478,1
591582,0
591593,0
591599,0
591714,0
591746,0
591835,2
591888,0
592035,2
592082,0
592132,0
592158,0
592221,0
592366,0
592371,0
592378,2
592399,0
592403,2
592445,0
592491,0
592598,0
592707,0
592792,0
592833,0
592886,0
592929,0
593020,0
593047,2
593244,0
593350,0
593385,0
593386,0
593398,2
593401,0
593494,0
593536,0
593632,0
593672,1
593719,0
593786,0
593804,2
593833,2
593910,0
594000,1
594027,0
594042,0
594103,0
594123,0
594146,1
594188,0
594238,0
594240,0
594406,0
594410,1
594446,0
594449,0
594503,0
594516,2
594601,0
594644,0
594695,0
594737,0
594824,0
594892,0
594914,0
594948,0
594985,0
595026,0
595087,0
595122,0
595123,0
595126,1
595171,0
595183,2
595184,0
595257,0
595283,2
595284,0
595386,0
595414,0
595431,0
595442,0
595506,2
595527,0
595587,0
595624,0
595626,0
595690,2
595740,0
595852,0
595861,0
595897,2
595958,0
596103,0
596153,0
596186,0
596220,0
596222,0
596320,2
596329,2
596335,0
596349,2
596361,0
596409,0
596505,0
596559,2
596611,2
596732,0
596820,0
596856,0
596863,1
597003,0
597010,0
597029,0
597300,0
597410,0
597434,0
597498,0
597510,0
597734,0
597836,0
597878,0
597946,0
597948,2
597954,0
597955,2
598069,0
598075,0
598185,1
598233,0
598265,0
598276,0
598306,0
598526,1
598533,0
598590,0
598687,0
598691,0
598692,0
598715,0
598832,2
598881,0
598911,0
598945,0
599065,0
599239,0
599244,2
599311,0
599335,0
599348,0
599437,0
599454,0
599649,0
599651,2
599657,0
599765,0
599790,2
599833,0
599909,2
599927,0
599999,2
600011,0
600018,0
600057,0
600078,0
600163,2
600265,2
600287,0
600304,0
600351,0
600395,0
600444,0
600515,0
600561,0
600605,0
600648,0
600690,0
600750,0
600796,1
600833,2
600842,0
600886,0
600926,0
600930,0
601094,2
601104,0
601116,0
601158,0
601282,0
601582,0
601673,0
601882,0
601894,0
601917,0
602120,0
602190,0
602323,2
602433,0
602476,0
602478,2
602598,0
602656,0
602734,2
602748,0
602769,0
602793,0
602827,0
602918,0
602921,0
602925,0
602946,0
602953,0
602962,0
603033,2
603053,0
603100,2
603160,0
603221,2
603278,0
603296,0
603341,2
603345,0
603440,0
603515,0
603592,0
603635,0
603715,0
603809,0
603875,0
603883,0
604136,0
604355,0
604388,0
604592,2
604617,0
604664,2
604688,0
604804,0
604840,0
604916,2
604982,0
605004,0
605096,0
605308,2
605311,0
605439,0
605494,0
605558,0
605578,1
605607,0
605615,0
605619,0
605776,0
605780,0
605878,0
605945,0
606041,0
606060,0
606094,0
606161,1
606283,0
606290,0
606333,0
606362,2
606456,2
606568,0
606635,0
606648,0
606762,0
606862,0
606930,0
607017,0
607028,0
607152,0
607270,0
607280,0
607350,0
607524,2
607626,1
607706,2
607799,0
607931,0
607998,0
608039,0
608086,0
608287,0
608296,0
608343,0
608478,2
608520,0
608521,0
608629,0
608725,0
608727,0
608764,0
608786,2
608820,0
608860,0
608866,0
608970,2
609051,2
609102,0
609167,0
609221,2
609228,0
609230,2
609236,0
609240,0
609243,0
609262,0
609393,0
609413,0
609673,0
609720,0
609800,0
609817,0
609838,2
609868,0
610144,0
610226,0
610280,1
610294,0
610306,0
610338,0
610395,0
610474,0
610482,0
610492,1
610530,2
610670,0
610763,0
610793,0
610806,0
610905,2
610909,0
611031,2
611065,0
611087,0
611126,0
611177,0
611251,0
611350,0
611371,0
611583,0
611839,0
611852,0
611887,0
611954,0
612002,0
612128,0
612175,0
612226,2
612236,0
612562,2
612685,0
612797,0
612812,1
612976,2
613164,0
613252,2
613275,0
613383,2
613442,0
613655,0
613874,0
613921,0
613941,1
614033,0
614092,1
614111,0
614165,0
614311,0
614412,0
614549,0
614595,2
614632,0
614668,0
614748,0
614793,2
614814,1
614828,0
614846,2
614918,0
614933,0
615006,0
615266,0
615307,0
615489,2
615544,2
615749,0
615881,2
615922,0
616086,2
616125,2
616222,0
616461,0
616470,0
616491,0
616518,0
616692,2
616715,0
616718,0
616734,2
616789,1
616795,0
616802,0
616950,0
616992,2
617052,0
617125,0
617199,0
617402,0
617407,0
617458,0
617506,0
617606,2
617743,0
617878,0
617964,1
617990,2
617994,0
618063,0
618088,0
618157,0
618181,0
618201,2
618230,2
618266,0
618308,0
618343,2
618392,0
618418,0
618429,0
618535,0
618642,0
618664,2
618759,2
618780,0
618815,1
618881,0
619079,0
619109,0
619218,0
619321,0
619362,0
619432,0
619520,0
619615,0
619918,0
619938,2
619971,1
619983,1
620033,2
620274,0
620300,0
620394,0
620453,2
620690,0
620719,1
620884,0
620972,0
620991,0
621072,0
621081,0
621085,1
621113,2
621150,2
621291,0
621552,2
621607,0
621665,0
621811,0
621849,0
621922,0
622149,0
622248,0
622293,2
622343,0
622418,0
622464,0
622708,0
622813,0
623043,0
623077,0
623087,0
623142,0
623417,2
623691,0
623750,0
623815,0
623850,0
623935,2
623941,0
623949,0
623972,0
624198,0
624215,0
624258,0
624497,2
624593,0
624636,0
624762,0
624913,0
625030,0
625089,0
625400,0
625555,0
625597,2
625700,2
625703,0
625984,0
626037,2
626067,2
626249,2
626318,0
626329,0
626519,0
626520,0
626558,2
626645,0
626986,0
627041,0
627158,0
627176,0
627436,0
627451,0
627617,0
627729,2
627889,0
627893,0
627972,0
628023,0
628033,0
628570,0
628653,0
628671,0
628694,0
628752,2
629647,0
629701,0
629725,0
629747,2
629803,0
629812,0
629877,0
629952,0
630039,0
630097,0
630176,0
630178,0
630267,0
630607,2
630609,0
630694,0
630738,0
630992,1
631174,1
631201,0
631319,0
631384,2
631388,1
631448,2
631477,0
631787,0
631872,2
631970,0
631975,2
631993,0
632136,0
632239,0
632316,0
632425,0
632461,0
632475,1
632631,0
632665,0
632749,0
632866,2
632965,0
632988,0
633183,0
633195,0
633235,1
633314,0
633406,0
633725,0
633972,2
634130,0
634601,2
634739,2
634795,0
634824,0
635249,0
635300,0
635303,0
635442,0
635576,0
635587,0
635666,2
635790,0
635949,0
636078,0
636102,0
636251,2
636520,2
636524,0
636526,0
636739,0
636873,0
636874,0
636966,0
637075,0
637086,0
637421,0
637457,0
637555,2
637633,0
637687,0
638140,0
638162,0
638237,2
638565,0
638576,0
638580,1
638600,2
638874,0
639009,0
639168,0
639458,0
639510,0
639571,0
639894,2
640451,2
640580,0
640649,0
640689,0
640715,0
640849,0
640867,0
640968,0
641012,0
641102,2
641106,0
641310,0
641364,0
641529,2
641537,0
642215,2
642344,0
642364,2
642553,0
642578,0
642679,0
642786,0
642820,0
643324,2
643344,0
643359,0
643469,0
643645,0
643714,0
643929,2
644438,2
644467,0
644639,2
644784,0
644870,0
645047,0
645168,0
645415,0
645488,2
645664,2
645685,0
645933,0
645939,2
646127,2
646197,2
646257,0
646259,1
646405,0
646424,2
646455,0
646933,0
646937,0
647016,2
647555,0
647597,2
647662,0
647674,0
647804,0
648379,0
648852,0
648983,0
648990,0
649080,0
649081,0
649208,0
649378,0
649935,2
650049,2
650055,0
650079,0
650606,2
650901,0
651018,2
651030,0
651193,0
651201,0
651269,0
651274,2
651390,0
651491,0
651613,0
651675,0
651744,0
651805,0
651818,0
651828,2
651941,1
651960,2
652003,2
652040,0
652190,2
652359,0
652416,0
652527,0
652737,2
653228,2
653281,0
653332,0
653640,0
653724,0
653838,0
653852,0
654233,0
654259,0
654395,0
654687,0
654913,0
655022,2
655051,0
655300,0
655499,1
656150,0
656346,0
656422,0
656471,2
656560,0
656626,2
656708,0
656850,2
656873,0
656920,2
657122,0
657343,2
657514,2
657591,0
657629,0
657796,0
658234,2
658528,0
658774,0
659128,0
659161,0
659162,0
659664,0
659744,0
659832,0
660110,0
660821,2
660894,2
660959,2
661614,1
661639,0
661697,2
661930,1
662010,0
662535,0
662596,2
662750,2
663017,0
663376,0
663565,0
664084,0
664119,1
664401,0
664405,0
664617,0
664663,0
664998,2
665329,0
665397,0
665505,0
665593,0
665676,0
665746,2
665887,0
665892,0
665980,2
666049,2
666174,0
666292,2
666718,2
666942,2
667299,2
667536,0
667643,2
667718,0
667916,0
667929,2
667981,0
668083,0
668172,0
668677,0
668776,0
669140,0
669155,2
669329,1
669348,0
669356,0
669449,0
670471,0
670626,0
670971,0
671066,0
671151,0
671367,0
671368,0
671975,0
672009,2
672112,0
672468,0
673076,0
673286,1
673874,0
674375,0
675053,0
675201,0
675594,0
676043,2
676373,0
676570,2
676707,2
676762,0
677209,0
677842,2
677896,0
678536,2
678547,2
678888,0
679040,0
679047,0
679066,0
679442,2
679611,0
679831,2
680424,0
680735,0
681050,0
681581,0
681720,0
682005,1
682247,0
683014,0
683663,2
683976,1
683978,0
684510,0
684521,0
684543,0
684764,0
684806,0
685594,0
685604,0
685958,2
686165,0
686408,0
686445,1
686509,0
686915,2
686920,0
688312,2
688600,1
689037,0
689374,0
689456,1
689624,0
689984,0
690420,0
690422,0
691334,0
691541,0
691546,0
692211,2
692510,0
693301,0
693729,0
693765,0
694265,2
695011,0
695094,0
695132,0
695307,0
695557,0
696475,0
697072,0
698291,0
698573,0
699040,2
699411,0
700028,0
700237,0
700289,2
700666,2
701565,0
702595,0
702877,2
703333,0
704652,0
704870,0
705215,0
705310,0
705984,2
707260,0
707402,2
707525,0
708887,1
709630,2
710489,0
711391,0
713557,0
714166,0
714420,0
714504,0
714565,0
715059,0
716337,0
716801,1
717149,0
717546,0
720819,0
720860,0
721496,0
721552,0
721570,0
722828,0
722939,0
724581,0
725357,2
726953,0
727886,0
728820,0
730639,2
732729,0
733654,2
734565,0
735029,0
736075,0
736833,2
739139,2
739518,0
739734,2
741190,2
741773,0
741902,0
742639,1
743151,2
745292,0
746934,2
748759,2
750982,0
751545,0
752933,2
756030,0
756434,0
757930,0
760304,0
760793,0
763129,1
763792,1
765745,0
767426,0
768291,0
770252,2
774666,0
777366,0
777846,0
780167,2
785107,0
785186,0
792549,0
796032,0
801660,0
811077,0
844489,2
